id,category,sort,name,origin,origin_code,price,unit,promo_pct,promo_until,description,recipe_title,recipe_text,photo,photo_credit
101,Устриці,1,Устриця Фін де Клер №2,Франція,fr,62.53,грн/шт,,,"Французька устриця класу Fin de Claire, яку після моря дорощують у солонуватих басейнах Марен-Олерон. Калібр №2 — велика мушля, приблизно 90 г. Смак солонуватий, з горіховою ноткою; продають поштучно, живою, охолодженою.",Устриці з лимоном і шалотом,"Відкрийте устрицю ножем для устриць, не проливаючи сік | Покладіть мушлі на подрібнений лід | Дрібно наріжте шалот і змішайте з червоним винним оцтом | Подавайте з часточками лимона і соусом",photos/101.jpg,"Фото: Dudva / Wikimedia Commons, CC BY-SA 4.0"
102,Устриці,2,Устриця Юмма Спеціаль №3,Німеччина,de,49.99,грн/шт,30,2026-10-12,"Устриця з категорії «спеціаль» — з щільним, м'ясистим тілом і яскравим морським смаком. Калібр №3 — середній розмір, зручний для дегустації. Продають поштучно, живою.",Устриці з соусом міньонет,"Змішайте дрібно нарізаний шалот, винний оцет і мелений чорний перець | Дайте соусу постояти 15 хвилин | Відкрийте устриці й покладіть на лід | Додайте на кожну по пів ложечки соусу",photos/102.jpg,"Фото: Tzahy Lerner / Wikimedia Commons, CC BY-SA 3.0"
103,Устриці,3,Устриця Жилярдо №2,Україна,ua,229,грн/шт,,,"Найдорожча устриця в добірці — великий калібр №2 з повним, майже вершковим м'ясом. Смак м'який, солодкуватий, із легкою солоністю. Продають поштучно, живою, охолодженою.",Устриця з лимоном і шампанським,"Охолодіть устрицю й шампанське | Відкрийте мушлю, зберігши сік | Скропіть кількома краплями лимонного соку | Подавайте одразу, запиваючи ковтком шампанського",photos/103.jpg,"Фото: Benoît Prieur / Wikimedia Commons, CC0"
104,Устриці,4,Устриця Атлантична №1 спеціальна,Нідерланди,nl,75,грн/шт,,,"Велика атлантична устриця з категорії «спеціаль» — найбільший калібр №1. М'ясо щільне, смак насичений, солоний, з йодистою ноткою. Продають поштучно, живою.",Запечені устриці з пармезаном,"Відкрийте устриці й залиште м'ясо в нижній мушлі | Змішайте розтоплене масло, часник і петрушку | Викладіть суміш на устриці й посипте тертим пармезаном | Запікайте 5 хвилин у духовці за 220 °C",photos/104.jpg,"Фото: George Pollard / Wikimedia Commons, CC BY-SA 4.0"
105,Устриці,5,Устриця Санчес №4,,,37.99,грн/шт,,,"Невелика устриця калібру №4 з легким, свіжим смаком — добрий вибір для першого знайомства з устрицями. Мушля компактна, м'ясо ніжне. Продають поштучно.",Устриці з огірковою сальсою,Дрібно наріжте свіжий огірок і трохи червоної цибулі | Заправте лаймовим соком і дрібкою солі | Відкрийте устриці й покладіть на лід | Додайте на кожну ложечку сальси,photos/105.jpg,"Фото: sanjay_ach / Wikimedia Commons, CC BY 4.0"
106,Устриці,6,Устриця Фін де Британія №1,Франція,fr,73.33,грн/шт,,,"Французька устриця з узбережжя Бретані найбільшого калібру №1 — близько 140 г. М'ясо щільне й соковите, смак яскраво морський, зі свіжою солоністю. Продають поштучно, живою.",Устриці на грилі з часниковим маслом,"Відкрийте устриці й залиште м'ясо в нижній мушлі | Змішайте м'яке масло з часником, петрушкою й дрібкою чилі | Покладіть на кожну устрицю по ложечці масла | Готуйте на гарячому грилі 3–4 хвилини, доки масло не закипить",photos/106.jpg,"Фото: David / Wikimedia Commons, Public domain"
107,Устриці,7,Устриця La Sublime №2,Франція,fr,64.69,грн/шт,,,"Французька устриця La Sublime великого калібру №2. Мушля глибока, тіло повне й м'ясисте. Смак збалансований: спочатку солоність, потім солодкуватий післясмак. Продають поштучно, живою.",Устриці з понзу і зеленою цибулею,Змішайте соус понзу з кількома краплями кунжутної олії | Дрібно наріжте зелену цибулю | Відкрийте устриці й покладіть на лід | Додайте на кожну краплю соусу й дрібку цибулі,photos/107.jpg,"Фото: exilexi / Wikimedia Commons, CC BY 4.0"
201,Креветки,1,"Креветки аргентинські червоні 15/25, варено-морожені",Іспанія,es,1284,грн/кг,,,"Великі дикі аргентинські креветки з природним червоним кольором панцира. Калібр 15/25 — від 15 до 25 штук на кілограм, тож кожна дуже м'ясиста. Уже зварені й заморожені: достатньо розморозити.",Креветки на грилі з часниковим маслом,Розморозьте креветки в холодильнику | Змішайте розтоплене масло з часником і петрушкою | Обсмажте креветки на гарячій пательні-гриль по 1 хвилині з кожного боку | Полийте часниковим маслом і подавайте з лимоном,photos/201.jpg,Фото: Nadine Ginzel / Pexels
202,Креветки,2,"Креветки тигрові чорні з головою 20/30, сиро-морожені",Бангладеш,bd,924,грн/кг,,,"Чорні тигрові креветки з головою — великі, щільні, із солодкуватим смаком. Калібр 20/30 шт/кг, сирі, заморожені в легкій глазурі. Добрі для гриля чи святкового столу.",Тигрові креветки в соусі теріякі,Розморозьте й обсушіть креветки | Обсмажте на олії 2 хвилини з кожного боку | Додайте соус теріякі й тертий імбир | Прогрійте ще хвилину й посипте кунжутом,photos/202.jpg,"Фото: Leo Chiou / Wikimedia Commons, CC BY-SA 4.0"
203,Креветки,3,"Креветки ваннамей цілі 80/100, варено-морожені",Еквадор,ec,670,грн/кг,50,2026-10-12,"Цілі креветки Vannamei з головою, зварені й заморожені шоковим способом у тонкій крижаній глазурі. Невеликий калібр 80/100 шт/кг — зручно до пива чи в салат. Сировина з Еквадору.",Креветки з кропом до пива,"Залийте креветки окропом на 1–2 хвилини | Злийте воду | Додайте розтоплене масло, кріп і часник | Перемішайте й подавайте теплими",photos/203.jpg,Фото: Amanda Martin / Pexels
204,Креветки,4,Креветки холодноводні очищені 200/300,Норвегія,no,1267,грн/кг,,,"Дрібні холодноводні креветки з північних морів, уже очищені. Смак ніжний і солодкуватий, текстура м'яка. Готовий інгредієнт для салатів і бутербродів.",Скандинавський бутерброд з креветками,Змастіть житній хліб маслом | Викладіть листя салату й скибочки яйця | Зверху покладіть креветки й ложечку майонезу з кропом | Прикрасьте часточкою лимона,photos/204.jpg,Фото: Deane Bayas / Pexels
205,Креветки,5,"Креветки ваннамей без голови 16/20, сиро-морожені",Україна,ua,542,грн/кг,,,"Великі сирі креветки Vannamei без голови, у панцирі. Калібр 16/20 шт/кг: м'ясо соковите й пружне після смаження. Продаються замороженими.",Креветки з часником і чилі,"Розморозьте креветки та зніміть панцир, залишивши хвостики | Розігрійте оливкову олію з часником і чилі | Смажте креветки 3–4 хвилини до рожевого кольору | Посипте петрушкою й скропіть лимонним соком",photos/205.jpg,Фото: Valeria Boltneva / Pexels
206,Креветки,6,"Хвости креветок варені очищені, охолоджені",Італія,it,1641,грн/кг,,,"Очищені хвости білоногої креветки, зварені в Італії. Продукт охолоджений, а не заморожений, тож креветки можна їсти одразу. Сировина — креветки, вирощені в Еквадорі.",Салат з креветками й авокадо,"Наріжте авокадо кубиками й скропіть соком лайма | Додайте черрі, червону цибулю й кінзу | Викладіть зверху креветки | Заправте оливковою олією, сіллю й перцем",photos/206.jpg,Фото: sheri silver / Unsplash
207,Креветки,7,"Креветки північні в панцирі 50/70, варено-морожені",Канада,ca,540,грн/кг,,,"Дикі північні креветки в панцирі й з головою, зварені й заморожені в захисній глазурі. Калібр 50/70 шт/кг — середні, соковиті, із солодкуватим смаком холодних морів.",Креветки з соєвим соусом і часником,"Розморозьте креветки в холодильнику й злийте воду | Розігрійте на пательні олію з часником та імбиром | Додайте креветки й соєвий соус, прогрівайте 2–3 хвилини | Посипте зеленою цибулею й подавайте",photos/207.jpg,Фото: engin akyurt / Unsplash
301,Мідії,1,Мідії чорноморські живі 5–8 см,Україна,ua,150,грн/кг,,,"Живі мідії з Чорного моря, мікс розмірів від 5 до 8 см. Мушлі щільно закриті, м'ясо соковите, з виразним морським смаком. Продаємо на вагу, зберігаємо на льоду.",Мідії у білому вині,"Промийте мідії й видаліть бісус | Обсмажте на вершковому маслі шалот і часник | Додайте мідії, влийте склянку сухого білого вина й накрийте кришкою | Готуйте 5–6 хвилин, доки мушлі не розкриються | Посипте петрушкою й подавайте з хлібом",photos/301.jpg,Фото: Electra Studio / Pexels
302,Мідії,2,Мідії новозеландські зелені цілі 30–45 шт/кг,Нова Зеландія,nz,315,грн/кг,,,"Великі мідії з характерним зеленим краєм мушлі — у кілограмі 30–45 штук. М'ясо щільне, світле, смак м'який і солодкуватий. Продаємо на вагу, замороженими в мушлі.",Зелені мідії на грилі,"Розморозьте мідії в холодильнику | Змішайте розтоплене масло, часник і лимонну цедру | Викладіть мідії на розігрітий гриль на 4–5 хвилин | Полийте часниковим маслом і подавайте з лимоном",photos/302.jpg,"Фото: Daderot / Wikimedia Commons, CC0"
303,Мідії,3,Мідії чилійські варено-морожені в мушлі 50/70,Чилі,cl,253.34,грн/кг,,,"Чилійські мідії в мушлі, зварені й швидко заморожені одразу після вилову. Калібр 50/70 — середній розмір, зручний для пасти й супів. Продаємо на вагу.",Паста з мідіями й томатами,"Відваріть спагеті до стану al dente | Обсмажте часник і пелюстку чилі на оливковій олії | Додайте нарізані томати й мідії, прогрійте 5 хвилин | Змішайте з пастою й посипте базиліком",photos/303.jpg,Фото: Electra Studio / Pexels
304,Мідії,4,Мідії іспанські варено-морожені у власному соку,Іспанія,es,327.54,грн/кг,,,"Мідії з атлантичного узбережжя Іспанії, зварені у власному соку й заморожені разом із ним. Мушлі великі, м'ясо ніжне й насичене. Продаємо на вагу.",Мідії по-галісійськи з паприкою,Розморозьте мідії разом із соком | Прогрійте їх на сковороді 3–4 хвилини | Полийте оливковою олією й посипте копченою паприкою | Подавайте з картоплею або хлібом,photos/304.jpg,Фото: Electra Studio / Pexels
305,Мідії,5,Мідії італійські варені охолоджені,Італія,it,357,грн/кг,,,"Італійські мідії, зварені у власному соку й охолоджені, без заморожування. Їх досить прогріти кілька хвилин. Смак чистий, злегка солонуватий; продаємо на вагу.",Мідії з томатами й часником,Обсмажте часник на оливковій олії | Додайте нарізані томати й тушкуйте 5 хвилин | Покладіть мідії й прогрійте під кришкою 3–4 хвилини | Посипте петрушкою й подавайте з підсмаженим хлібом,photos/305.jpg,Фото: Electra Studio / Pexels
306,Мідії,6,Мідії чилійські великі 6–7 см варено-морожені,Чилі,cl,360,грн/кг,,,"Великі чилійські мідії завдовжки 6–7 см, зварені в мушлі й заморожені. Помаранчеве м'ясо добре тримає форму й не пересихає. Продаємо на вагу.",Запечені мідії з сиром,"Розморозьте мідії й зніміть верхню стулку | Змішайте м'яке масло, часник, петрушку й тертий пармезан | Викладіть суміш на кожну мідію | Запікайте 7–8 хвилин за 200 °C",photos/306.jpg,Фото: Electra Studio / Pexels
307,Мідії,7,Мідії чорноморські охолоджені 6–8 см,Україна,ua,130,грн/кг,,,"Свіжі чорноморські мідії в мушлі, охолоджені одразу після збору. Розмір 6–8 см, м'ясо солодкувате, з йодистою ноткою. Продаємо на вагу; найкраще приготувати в день покупки.",Мідії з вершками й часником,"Промийте мідії й видаліть бісус | Обсмажте часник на маслі, додайте мідії | Влийте 150 мл вершків і готуйте під кришкою 5–6 хвилин | Посипте кропом і подавайте одразу",photos/307.jpg,"Фото: Thomon / Wikimedia Commons, CC BY-SA 4.0"
401,Краби та лобстери,1,Лобстер живий 560–680 г,Нідерланди,nl,3900,грн/кг,,,"Живий атлантичний лобстер вагою 560–680 г — темний, зеленувато-коричневий, під час варіння червоніє. М'ясо в клешнях і хвості біле, щільне й солодкувате. Продаємо поштучно за вагою.",Варений лобстер з лимонним маслом,Доведіть до кипіння велику каструлю підсоленої води | Опустіть лобстера головою вниз і варіть 10–12 хвилин | Розтопіть масло з лимонним соком | Розріжте лобстера вздовж і подавайте з маслом,photos/401.jpg,Фото: StockSnap / Pixabay
402,Краби та лобстери,2,Лобстер канадський варено-морожений 300–350 г,Канада,ca,809,грн/шт,,,"Цілий канадський лобстер вагою 300–350 г, зварений і швидко заморожений. Панцир яскраво-червоний, м'ясо готове до вживання після розморожування. Продаємо поштучно.",Лобстер на грилі з часниковим маслом,Розморозьте лобстера в холодильнику | Розріжте вздовж навпіл | Змастіть м'ясо маслом із часником і петрушкою | Прогрійте на грилі 3–4 хвилини м'ясом донизу,photos/402.jpg,Фото: energepic.com / Pexels
403,Краби та лобстери,3,Лангуст свіжоморожений 400–600 г,Нікарагуа,ni,2630,грн/кг,,,"Лангуст — морський рак без великих клешень, усе м'ясо зосереджене у хвості. Вага 400–600 г, заморожений сухим способом одразу після вилову. Смак ніжний, солодкуватий; продаємо поштучно за вагою.",Хвіст лангуста в духовці,Розморозьте лангуста в холодильнику | Розріжте хвіст уздовж і змастіть маслом з паприкою | Запікайте 10–12 хвилин за 200 °C | Подавайте з лимоном і зеленим салатом,photos/403.jpg,Фото: Kristijan Arsov / Unsplash
404,Краби та лобстери,4,Лангустини 8–12 шт/кг,,,1990,грн/кг,,,"Лангустини (норвезький омар, скампі) — невеликі родичі лобстера з тонкими довгими клешнями. Калібр 8–12 штук на кілограм — великі екземпляри. М'ясо делікатне й солодке; продаємо на вагу.",Лангустини на сковороді,Розморозьте лангустини й розріжте панцир уздовж спинки | Розігрійте оливкову олію з часником | Смажте лангустини по 2 хвилини з кожного боку | Скропіть лимонним соком і посипте петрушкою,photos/404.jpg,Фото: Joanna Stołowicz / Unsplash
405,Краби та лобстери,5,Ноги й клешні південного королівського краба варено-морожені,Чилі,cl,2730,грн/кг,,,"Фаланги й клешні південного королівського краба, зварені й заморожені в тонкій глазурі. М'ясо великими волокнами, солодкувате й соковите. Продаємо на вагу.",Ноги краба з вершковим маслом,Розморозьте фаланги в холодильнику | Надріжте панцир ножицями вздовж | Прогрійте на пару 4–5 хвилин | Подавайте з розтопленим маслом і лимоном,photos/405.jpg,Фото: Wkndr / Unsplash
406,Краби та лобстери,6,Кінцівки сніжного краба варено-морожені,Гренландія,gl,3602.94,грн/кг,,,"Кінцівки сніжного краба з північної Атлантики, зварені одразу після вилову й заморожені. Панцир тонкий, легко розкривається руками; м'ясо ніжне, з легкою солодкістю. Продаємо на вагу.",Сніжний краб із часниковим соусом,"Розморозьте кінцівки в холодильнику | Прогрійте на пару 3–4 хвилини | Змішайте майонез, часник і лимонний сік | Подавайте краба із соусом",photos/406.jpg,Фото: Change C.C / Pexels
407,Краби та лобстери,7,Краб блакитний,Італія,it,647.89,грн/кг,,,"Блакитний краб із Середземного моря — середнього розміру, з яскраво-синіми клешнями. М'ясо солодкувате, особливо смачне у пасті й супах. Продаємо на вагу.",Паста з блакитним крабом,Відваріть краба в підсоленій воді 8–10 хвилин | Обсмажте часник і томати на оливковій олії | Додайте краба частинами й тушкуйте 10 хвилин | Змішайте соус зі спагеті й посипте петрушкою,photos/407.jpg,Фото: Mido Makasardi / Pexels
501,Восьминіг,1,Щупальця восьминога варено-морожені,Іспанія,es,3380,грн/кг,,,"Відварені щупальця восьминога за іспанським рецептом — з сіллю й лавровим листом. М'ясо ніжне, без гумової текстури. Достатньо розморозити й прогріти.",Восьминіг по-галісійськи,"Відваріть картоплю й наріжте кружальцями | Розморозьте щупальця й прогрійте в гарячій воді 2 хвилини | Наріжте восьминога шматочками й викладіть на картоплю | Полийте оливковою олією, посипте копченою паприкою й крупною сіллю",photos/501.jpg,Фото: Alex Knight / Unsplash
502,Восьминіг,2,"Восьминоги-малюки очищені 40/60, заморожені",Україна,ua,549,грн/кг,,,"Маленькі восьминоги, уже очищені й патрані, у крижаній глазурі. Калібр 40/60 шт/кг — цілі тушки на один-два укуси. Продаються замороженими.",Малюки восьминога в томатному соусі,Розморозьте восьминогів і злийте воду | Обсмажте часник і цибулю на оливковій олії | Додайте восьминогів і томати у власному соку | Тушкуйте 20 хвилин і посипте базиліком,photos/502.jpg,Фото: HotaruFilms / Pixabay
503,Восьминіг,3,"Восьминіг цілий 2–3 кг, заморожений",Іспанія,es,1019,грн/кг,,,"Великий цілий восьминіг вагою 2–3 кг — сирий, очищений і патраний. Продають на вагу, замороженим. Підходить для варіння, гриля й подачі на велику компанію.",Восьминіг на грилі з картоплею,"Розморозьте восьминога й варіть 45–60 хвилин до м'якості | Охолодіть у відварі й відріжте щупальця | Обсмажте їх на гарячому грилі по 3 хвилини з кожного боку | Подавайте з печеною картоплею, оливковою олією й паприкою",photos/503.jpg,Фото: engin akyurt / Unsplash
504,Восьминіг,4,Щупальця восьминога заморожені,Італія,it,1318,грн/кг,,,"Щупальця звичайного восьминога (Octopus vulgaris), виловленого вручну на волосінь у Центрально-Східній Атлантиці. Італійський виробник попередньо їх відварює, тож на кухні досить короткої обробки. Продаються замороженими.",Щупальця восьминога з лимоном і каперсами,"Розморозьте щупальця й обсушіть | Обсмажте на гарячій оливковій олії до хрусткої скоринки, 3–4 хвилини | Додайте каперси, лимонну цедру й сік | Подавайте на теплому картопляному пюре",photos/504.jpg,Фото: Joanna Stołowicz / Unsplash
505,Восьминіг,5,"Восьминіг «квітка» ~0,8–1,2 кг, свіжоморожений",Іспанія,es,1369,грн/кг,,,"Цілий восьминіг, заморожений у формі «квітки» — щупальця розправлені по колу. Одна тушка важить близько 1 кг, продають на вагу. Така форма зручна, щоб запекти восьминога цілим і красиво подати.","Восьминіг, запечений цілим","Розморозьте восьминога в холодильнику | Відваріть 40 хвилин з лавровим листом і часником | Змастіть оливковою олією з паприкою й запікайте 15 хвилин за 220 °C | Подавайте цілим, скропивши лимонним соком",photos/505.jpg,Фото: engin akyurt / Unsplash
506,Восьминіг,6,"Бебі-восьминоги очищені 40/60, сиро-морожені",Китай,cn,854,грн/кг,,,"Молоді восьминоги (Octopus vulgaris) калібру 40/60 шт/кг, сирі й уже очищені. Заморожені в глазурі. Вистачить на компанію або на кілька страв.",Бебі-восьминоги з часником і вином,"Розморозьте восьминогів і обсушіть | Обсмажте на сильному вогні в оливковій олії 3–4 хвилини | Додайте часник, чилі й трохи білого вина | Випаріть рідину й посипте петрушкою",photos/506.jpg,Фото: Squirrel_photos / Pixabay
507,Восьминіг,7,Восьминіг варений маринований у розсолі,Іспанія,es,1232,грн/кг,,,Варений восьминіг у пряному розсолі — готова іспанська закуска. Досить злити розсіл і подати.,Салат з восьминогом і печеним перцем,"Злийте розсіл і наріжте восьминога | Додайте смужки печеного перцю, червону цибулю й петрушку | Заправте оливковою олією й хересним оцтом | Дайте постояти 10 хвилин і подавайте з хлібом",photos/507.jpg,Фото: DCChefAnna / Pixabay
